TimeSeries ID,instance/disk/write_bytes_count.gce_instance.ALIGN_RATE.REDUCE_SUM.resource.type="gce_instance" AND resource.label."project_id"="fcse-25w-cc" AND metric.type="compute.googleapis.com/instance/disk/write_bytes_count" AND metadata.system_labels."instance_group"="pow-worker-mig" AND resource.label."zone" = starts_with("europe-west1-b").project_id:fcse-25w-cc
project_id,fcse-25w-cc
Tue Jun 09 2026 17:30:00 GMT+0200 (Central European Summer Time),17675.1
Tue Jun 09 2026 17:31:00 GMT+0200 (Central European Summer Time),869522.2666666666
Tue Jun 09 2026 17:32:00 GMT+0200 (Central European Summer Time),1966021.6666666667
Tue Jun 09 2026 17:33:00 GMT+0200 (Central European Summer Time),93704.38333333333
Tue Jun 09 2026 17:34:00 GMT+0200 (Central European Summer Time),3456.516666666667
Tue Jun 09 2026 17:35:00 GMT+0200 (Central European Summer Time),2908.7
Tue Jun 09 2026 17:36:00 GMT+0200 (Central European Summer Time),2869.8
Tue Jun 09 2026 17:37:00 GMT+0200 (Central European Summer Time),1100231.5833333333
Tue Jun 09 2026 17:38:00 GMT+0200 (Central European Summer Time),352094.2
Tue Jun 09 2026 17:39:00 GMT+0200 (Central European Summer Time),243459.5833333333
Tue Jun 09 2026 17:40:00 GMT+0200 (Central European Summer Time),6668028.65
Tue Jun 09 2026 17:41:00 GMT+0200 (Central European Summer Time),22612834.483333334
Tue Jun 09 2026 17:42:00 GMT+0200 (Central European Summer Time),4316437
Tue Jun 09 2026 17:43:00 GMT+0200 (Central European Summer Time),1242149.3666666667
Tue Jun 09 2026 17:44:00 GMT+0200 (Central European Summer Time),408400.13333333336
Tue Jun 09 2026 17:45:00 GMT+0200 (Central European Summer Time),2482820.0166666666
Tue Jun 09 2026 17:46:00 GMT+0200 (Central European Summer Time),11526185.466666665
Tue Jun 09 2026 17:47:00 GMT+0200 (Central European Summer Time),12889734.766666666
Tue Jun 09 2026 17:48:00 GMT+0200 (Central European Summer Time),18109498.78333333
Tue Jun 09 2026 17:49:00 GMT+0200 (Central European Summer Time),7393780.866666666
Tue Jun 09 2026 17:50:00 GMT+0200 (Central European Summer Time),4048607.866666666
Tue Jun 09 2026 17:51:00 GMT+0200 (Central European Summer Time),3014071.283333333
Tue Jun 09 2026 17:52:00 GMT+0200 (Central European Summer Time),34521.03333333333
Tue Jun 09 2026 17:53:00 GMT+0200 (Central European Summer Time),25877.6
Tue Jun 09 2026 17:54:00 GMT+0200 (Central European Summer Time),25219.550000000003
Tue Jun 09 2026 17:55:00 GMT+0200 (Central European Summer Time),1115214.0833333335
Tue Jun 09 2026 17:56:00 GMT+0200 (Central European Summer Time),393272.85
Tue Jun 09 2026 17:57:00 GMT+0200 (Central European Summer Time),2447920.7
Tue Jun 09 2026 17:58:00 GMT+0200 (Central European Summer Time),1957790.816666667
Tue Jun 09 2026 17:59:00 GMT+0200 (Central European Summer Time),241197.68333333332
Tue Jun 09 2026 18:00:00 GMT+0200 (Central European Summer Time),1655975.7000000002
Tue Jun 09 2026 18:01:00 GMT+0200 (Central European Summer Time),1091734.3333333333
Tue Jun 09 2026 18:02:00 GMT+0200 (Central European Summer Time),41346.5
Tue Jun 09 2026 18:03:00 GMT+0200 (Central European Summer Time),30261.6
Tue Jun 09 2026 18:04:00 GMT+0200 (Central European Summer Time),30088.566666666662
Tue Jun 09 2026 18:05:00 GMT+0200 (Central European Summer Time),1115022.9833333332
Tue Jun 09 2026 18:06:00 GMT+0200 (Central European Summer Time),397649.7666666667
Tue Jun 09 2026 18:07:00 GMT+0200 (Central European Summer Time),2442290.0500000003
Tue Jun 09 2026 18:08:00 GMT+0200 (Central European Summer Time),1956671.3166666664
Tue Jun 09 2026 18:09:00 GMT+0200 (Central European Summer Time),251616.25
Tue Jun 09 2026 18:10:00 GMT+0200 (Central European Summer Time),1661386.6500000001
Tue Jun 09 2026 18:11:00 GMT+0200 (Central European Summer Time),1077356.6166666667
Tue Jun 09 2026 18:12:00 GMT+0200 (Central European Summer Time),17924.466666666667
Tue Jun 09 2026 18:13:00 GMT+0200 (Central European Summer Time),17657.216666666667
Tue Jun 09 2026 18:14:00 GMT+0200 (Central European Summer Time),17691.416666666668
Tue Jun 09 2026 18:15:00 GMT+0200 (Central European Summer Time),1097335.7000000002
Tue Jun 09 2026 18:16:00 GMT+0200 (Central European Summer Time),382454.6666666667
Tue Jun 09 2026 18:17:00 GMT+0200 (Central European Summer Time),2438798.2333333334
Tue Jun 09 2026 18:18:00 GMT+0200 (Central European Summer Time),1958820.6333333333
Tue Jun 09 2026 18:19:00 GMT+0200 (Central European Summer Time),234654.73333333334
Tue Jun 09 2026 18:20:00 GMT+0200 (Central European Summer Time),1642563.8833333333
Tue Jun 09 2026 18:21:00 GMT+0200 (Central European Summer Time),1070510.7833333334
Tue Jun 09 2026 18:22:00 GMT+0200 (Central European Summer Time),21753.633333333335
Tue Jun 09 2026 18:23:00 GMT+0200 (Central European Summer Time),18967.416666666664
Tue Jun 09 2026 18:24:00 GMT+0200 (Central European Summer Time),17850.38333333333
Tue Jun 09 2026 18:25:00 GMT+0200 (Central European Summer Time),1097096.0166666666
Tue Jun 09 2026 18:26:00 GMT+0200 (Central European Summer Time),1033286.3999999999
Tue Jun 09 2026 18:27:00 GMT+0200 (Central European Summer Time),801455.5499999999
Tue Jun 09 2026 18:28:00 GMT+0200 (Central European Summer Time),2948.1833333333334
Tue Jun 09 2026 18:29:00 GMT+0200 (Central European Summer Time),2780.4333333333334
Tue Jun 09 2026 18:30:00 GMT+0200 (Central European Summer Time),394251.9166666667
Tue Jun 09 2026 18:31:00 GMT+0200 (Central European Summer Time),1055090.0666666667
Tue Jun 09 2026 18:32:00 GMT+0200 (Central European Summer Time),4216.216666666666
Tue Jun 09 2026 18:33:00 GMT+0200 (Central European Summer Time),3016.4166666666665
Tue Jun 09 2026 18:34:00 GMT+0200 (Central European Summer Time),2922.766666666667
Tue Jun 09 2026 18:35:00 GMT+0200 (Central European Summer Time),3127.5666666666666
Tue Jun 09 2026 18:36:00 GMT+0200 (Central European Summer Time),3054.6
Tue Jun 09 2026 18:37:00 GMT+0200 (Central European Summer Time),2605.733333333333
Tue Jun 09 2026 18:38:00 GMT+0200 (Central European Summer Time),2892.616666666667
Tue Jun 09 2026 18:39:00 GMT+0200 (Central European Summer Time),2686.733333333333
Tue Jun 09 2026 18:40:00 GMT+0200 (Central European Summer Time),394439.2833333333
Tue Jun 09 2026 18:41:00 GMT+0200 (Central European Summer Time),1055577.3333333333
Tue Jun 09 2026 18:42:00 GMT+0200 (Central European Summer Time),5242.433333333333
Tue Jun 09 2026 18:43:00 GMT+0200 (Central European Summer Time),2948.1833333333334
Tue Jun 09 2026 18:44:00 GMT+0200 (Central European Summer Time),2780.4166666666665
Tue Jun 09 2026 18:45:00 GMT+0200 (Central European Summer Time),2860.2833333333333
Tue Jun 09 2026 18:46:00 GMT+0200 (Central European Summer Time),3245.5666666666666
Tue Jun 09 2026 18:47:00 GMT+0200 (Central European Summer Time),3289.516666666667
Tue Jun 09 2026 18:48:00 GMT+0200 (Central European Summer Time),3047.6833333333334
Tue Jun 09 2026 18:49:00 GMT+0200 (Central European Summer Time),2910.0333333333333
Tue Jun 09 2026 18:50:00 GMT+0200 (Central European Summer Time),393973.5833333333
Tue Jun 09 2026 18:51:00 GMT+0200 (Central European Summer Time),1054951.0666666667
Tue Jun 09 2026 18:52:00 GMT+0200 (Central European Summer Time),8321.05
Tue Jun 09 2026 18:53:00 GMT+0200 (Central European Summer Time),2873
Tue Jun 09 2026 18:54:00 GMT+0200 (Central European Summer Time),2997.9333333333334
Tue Jun 09 2026 18:55:00 GMT+0200 (Central European Summer Time),3002.633333333333
Tue Jun 09 2026 18:56:00 GMT+0200 (Central European Summer Time),3253.5833333333335
Tue Jun 09 2026 18:57:00 GMT+0200 (Central European Summer Time),2698.3333333333335
Tue Jun 09 2026 18:58:00 GMT+0200 (Central European Summer Time),3233.95
Tue Jun 09 2026 18:59:00 GMT+0200 (Central European Summer Time),2842.883333333333
Tue Jun 09 2026 19:00:00 GMT+0200 (Central European Summer Time),394877.6
Tue Jun 09 2026 19:01:00 GMT+0200 (Central European Summer Time),1056749.4833333334