TimeSeries ID,instance/network/sent_bytes_count.gce_instance.ALIGN_RATE.REDUCE_SUM.resource.type="gce_instance" AND resource.label."project_id"="fcse-25w-cc" AND metric.type="compute.googleapis.com/instance/network/sent_bytes_count" AND metadata.system_labels."instance_group"="pow-worker-mig" AND resource.label."zone" = starts_with("europe-west1-b").project_id:fcse-25w-cc
project_id,fcse-25w-cc
Tue Jun 09 2026 17:30:00 GMT+0200 (Central European Summer Time),6959.016666666667
Tue Jun 09 2026 17:31:00 GMT+0200 (Central European Summer Time),7196.150000000001
Tue Jun 09 2026 17:32:00 GMT+0200 (Central European Summer Time),5930.633333333332
Tue Jun 09 2026 17:33:00 GMT+0200 (Central European Summer Time),2807.7000000000003
Tue Jun 09 2026 17:34:00 GMT+0200 (Central European Summer Time),1148.6333333333334
Tue Jun 09 2026 17:35:00 GMT+0200 (Central European Summer Time),1146.8166666666666
Tue Jun 09 2026 17:36:00 GMT+0200 (Central European Summer Time),1319
Tue Jun 09 2026 17:37:00 GMT+0200 (Central European Summer Time),3502.266666666667
Tue Jun 09 2026 17:38:00 GMT+0200 (Central European Summer Time),9923.966666666667
Tue Jun 09 2026 17:39:00 GMT+0200 (Central European Summer Time),19137.7
Tue Jun 09 2026 17:40:00 GMT+0200 (Central European Summer Time),15117.849999999999
Tue Jun 09 2026 17:41:00 GMT+0200 (Central European Summer Time),30294.516666666666
Tue Jun 09 2026 17:42:00 GMT+0200 (Central European Summer Time),17122.016666666666
Tue Jun 09 2026 17:43:00 GMT+0200 (Central European Summer Time),9975.683333333332
Tue Jun 09 2026 17:44:00 GMT+0200 (Central European Summer Time),32531.4
Tue Jun 09 2026 17:45:00 GMT+0200 (Central European Summer Time),21773.11666666667
Tue Jun 09 2026 17:46:00 GMT+0200 (Central European Summer Time),28515.733333333337
Tue Jun 09 2026 17:47:00 GMT+0200 (Central European Summer Time),57535.33333333333
Tue Jun 09 2026 17:48:00 GMT+0200 (Central European Summer Time),27524.016666666666
Tue Jun 09 2026 17:49:00 GMT+0200 (Central European Summer Time),37394.16666666667
Tue Jun 09 2026 17:50:00 GMT+0200 (Central European Summer Time),30503.466666666664
Tue Jun 09 2026 17:51:00 GMT+0200 (Central European Summer Time),31723.966666666667
Tue Jun 09 2026 17:52:00 GMT+0200 (Central European Summer Time),51884.88333333333
Tue Jun 09 2026 17:53:00 GMT+0200 (Central European Summer Time),22598.833333333332
Tue Jun 09 2026 17:54:00 GMT+0200 (Central European Summer Time),47102.433333333334
Tue Jun 09 2026 17:55:00 GMT+0200 (Central European Summer Time),56014.73333333334
Tue Jun 09 2026 17:56:00 GMT+0200 (Central European Summer Time),27585.88333333333
Tue Jun 09 2026 17:57:00 GMT+0200 (Central European Summer Time),72200.93333333333
Tue Jun 09 2026 17:58:00 GMT+0200 (Central European Summer Time),71098.7
Tue Jun 09 2026 17:59:00 GMT+0200 (Central European Summer Time),26402.600000000002
Tue Jun 09 2026 18:00:00 GMT+0200 (Central European Summer Time),53578.09999999999
Tue Jun 09 2026 18:01:00 GMT+0200 (Central European Summer Time),84224.28333333333
Tue Jun 09 2026 18:02:00 GMT+0200 (Central European Summer Time),59361.36666666666
Tue Jun 09 2026 18:03:00 GMT+0200 (Central European Summer Time),27773.05
Tue Jun 09 2026 18:04:00 GMT+0200 (Central European Summer Time),70039.63333333333
Tue Jun 09 2026 18:05:00 GMT+0200 (Central European Summer Time),86960.33333333333
Tue Jun 09 2026 18:06:00 GMT+0200 (Central European Summer Time),61583.183333333334
Tue Jun 09 2026 18:07:00 GMT+0200 (Central European Summer Time),31534.316666666666
Tue Jun 09 2026 18:08:00 GMT+0200 (Central European Summer Time),73692.65
Tue Jun 09 2026 18:09:00 GMT+0200 (Central European Summer Time),88937.08333333334
Tue Jun 09 2026 18:10:00 GMT+0200 (Central European Summer Time),71370.96666666667
Tue Jun 09 2026 18:11:00 GMT+0200 (Central European Summer Time),17443.116666666665
Tue Jun 09 2026 18:12:00 GMT+0200 (Central European Summer Time),7073.35
Tue Jun 09 2026 18:13:00 GMT+0200 (Central European Summer Time),6961.866666666667
Tue Jun 09 2026 18:14:00 GMT+0200 (Central European Summer Time),6860.6833333333325
Tue Jun 09 2026 18:15:00 GMT+0200 (Central European Summer Time),7053.9333333333325
Tue Jun 09 2026 18:16:00 GMT+0200 (Central European Summer Time),6954.733333333334
Tue Jun 09 2026 18:17:00 GMT+0200 (Central European Summer Time),7424.4
Tue Jun 09 2026 18:18:00 GMT+0200 (Central European Summer Time),7276.983333333334
Tue Jun 09 2026 18:19:00 GMT+0200 (Central European Summer Time),6961.416666666667
Tue Jun 09 2026 18:20:00 GMT+0200 (Central European Summer Time),7360.066666666667
Tue Jun 09 2026 18:21:00 GMT+0200 (Central European Summer Time),7356.333333333333
Tue Jun 09 2026 18:22:00 GMT+0200 (Central European Summer Time),6907.816666666667
Tue Jun 09 2026 18:23:00 GMT+0200 (Central European Summer Time),6934.2
Tue Jun 09 2026 18:24:00 GMT+0200 (Central European Summer Time),6928.833333333333
Tue Jun 09 2026 18:25:00 GMT+0200 (Central European Summer Time),7178.25
Tue Jun 09 2026 18:26:00 GMT+0200 (Central European Summer Time),6128.566666666667
Tue Jun 09 2026 18:27:00 GMT+0200 (Central European Summer Time),3712.8499999999995
Tue Jun 09 2026 18:28:00 GMT+0200 (Central European Summer Time),1171.4333333333334
Tue Jun 09 2026 18:29:00 GMT+0200 (Central European Summer Time),1209.2666666666667
Tue Jun 09 2026 18:30:00 GMT+0200 (Central European Summer Time),1265.4333333333334
Tue Jun 09 2026 18:31:00 GMT+0200 (Central European Summer Time),1424.4833333333333
Tue Jun 09 2026 18:32:00 GMT+0200 (Central European Summer Time),1158.8833333333334
Tue Jun 09 2026 18:33:00 GMT+0200 (Central European Summer Time),1145.2666666666667
Tue Jun 09 2026 18:34:00 GMT+0200 (Central European Summer Time),1143.6666666666667
Tue Jun 09 2026 18:35:00 GMT+0200 (Central European Summer Time),1140.15
Tue Jun 09 2026 18:36:00 GMT+0200 (Central European Summer Time),1143.9166666666667
Tue Jun 09 2026 18:37:00 GMT+0200 (Central European Summer Time),1155.3
Tue Jun 09 2026 18:38:00 GMT+0200 (Central European Summer Time),1170.0833333333333
Tue Jun 09 2026 18:39:00 GMT+0200 (Central European Summer Time),1194.3
Tue Jun 09 2026 18:40:00 GMT+0200 (Central European Summer Time),1278.4833333333333
Tue Jun 09 2026 18:41:00 GMT+0200 (Central European Summer Time),1513.1333333333334
Tue Jun 09 2026 18:42:00 GMT+0200 (Central European Summer Time),1248.9333333333334
Tue Jun 09 2026 18:43:00 GMT+0200 (Central European Summer Time),1212.0333333333333
Tue Jun 09 2026 18:44:00 GMT+0200 (Central European Summer Time),1149.4833333333333
Tue Jun 09 2026 18:45:00 GMT+0200 (Central European Summer Time),1191.5166666666667
Tue Jun 09 2026 18:46:00 GMT+0200 (Central European Summer Time),1246.4666666666667
Tue Jun 09 2026 18:47:00 GMT+0200 (Central European Summer Time),1153.4333333333334
Tue Jun 09 2026 18:48:00 GMT+0200 (Central European Summer Time),1153.6166666666666
Tue Jun 09 2026 18:49:00 GMT+0200 (Central European Summer Time),1152.0333333333333
Tue Jun 09 2026 18:50:00 GMT+0200 (Central European Summer Time),1229.9166666666667
Tue Jun 09 2026 18:51:00 GMT+0200 (Central European Summer Time),1383.35
Tue Jun 09 2026 18:52:00 GMT+0200 (Central European Summer Time),1193.9
Tue Jun 09 2026 18:53:00 GMT+0200 (Central European Summer Time),1170.4666666666667
Tue Jun 09 2026 18:54:00 GMT+0200 (Central European Summer Time),1199.1833333333334
Tue Jun 09 2026 18:55:00 GMT+0200 (Central European Summer Time),1154.1666666666667
Tue Jun 09 2026 18:56:00 GMT+0200 (Central European Summer Time),1149.7166666666667
Tue Jun 09 2026 18:57:00 GMT+0200 (Central European Summer Time),1149.7666666666667
Tue Jun 09 2026 18:58:00 GMT+0200 (Central European Summer Time),1186.5333333333333
Tue Jun 09 2026 18:59:00 GMT+0200 (Central European Summer Time),1242.1166666666666
Tue Jun 09 2026 19:00:00 GMT+0200 (Central European Summer Time),1226.1833333333334
Tue Jun 09 2026 19:01:00 GMT+0200 (Central European Summer Time),1375.5